example_id,top_1,top_2,top_3
13980,Устройство термометрических скважин,Монтаж термометрической трубки,Устройство технологических врезок
2645,Монтаж насосной подстанции,"Монтаж наружных калиток, ворот","Монтаж ворот, входных дверей"
9973,Окраска огрунтованных металлических поверхностей,Окраска поверхностей стен,Окраска поверхностей труб
6622,Монтаж лотков и коробов,Монтаж кабельных лотков,Прокладка кабеля
355,Монтаж приборов,Монтаж приборов освещения,Монтаж приборов системы отопления
11228,Монтаж металлоконструкций,Монтаж металлоконструкций (м/к),Монтаж металлоконструкций основания
14785,Монтаж площадки обслуживания,Площадки обслуживания и лестницы,Устройство переходов
4145,Монтаж прожекторной мачты,Сборка прожекторной мачты,Монтаж магниевого протектора
8898,Монтаж трудопроводов,Сварка трубопроводов,Осушка трубопроводов
12576,Теплоизоляция трубопроводов,Переизоляция трубопровода,Монтаж теплоизоляции трубопровода
5400,Монтаж металлоконструкций каркаса здания,Монтаж блок-бокса,Монтаж блок фильтров
549,Огрунтовка поверхностей,Грунтовка поверхности перед акз,Огрунтовка металлических поверхностей
6167,Монтаж кабельных полок,Монтаж кабельных стоек,Монтаж кабельных муфт
248,Очистка и обеспыливание поверхности,Покрытие изоляции,Грунтовка поверхности перед акз
12086,Демонтаж стальных технологических трубопроводов,Монтаж технологического оборудования,Устройство технологических врезок
5310,Монтаж блок-бокса,Монтаж одиночных блок-боксов,"Монтаж модулей, блок-боксов"
12788,Устройство покрытия из тротуарной плитки,Монтаж плит тротуарных,Укладка трубопровода
4141,Резка профлиста металлического,Укрепление откосов,Разборка деревянных перегородок
1916,Погружение свай,Статическое испытание свай,Динамическое испытание свай
12675,Устройство полов из линолеума,Укладка трубопровода,Укладка электрода
