example_id,raw_work_name
696,АКЗ площадки КТП (Политон-УР(УФ))
6282,Монтаж кабеля силового (С143)
1714,АС/Поз.303/Погружение свай с АКЗ (СМ1) (325х8  L=9400 мм) (Площадка газосепараторов)
14772,поз. 4.1.6.1/ПНР. Система автоматизации и сигнализации
2896,АС/поз.5/Погружение свай с АКЗ (Площадка технологических аппаратов) 
2436,АС/поз.207.2.4-207.2.5/АКЗ металлоконструкций (Устройство сбора конденсата)
3378,Бурение лидерных скважин с очисткой полости (поз.5.8)
11317,Сварка оголовков на сваю 325х8
13530,"Устройство монолитных участков из бетона В30 по дну и откосам карт, h=0,14 м"
8297,Монтаж силовых кабелей (ЭСО)
6135,Монтаж кабельной продукции
7638,Монтаж переходного мостика
6090,"Монтаж кабелей АСУТП, КИПиА (поз.5-АТХ)"
12976,Установка в скважины металлических свай (поз.36)
2202,АС/поз.2.15.1/Обратная засыпка котлована с уплотнением
6019,Монтаж и расключение кабеля Метролан-В-Элвнг (поз.28)
7433,Монтаж опор (Поз.С037-ТК1.4 ГТ00.1.1)
4335,Изготовление и монтаж стоек СТ1 (поз.103)
2786,АС/поз.4.17.3/Монтаж короба
7238,Монтаж оголовников свай (Поз.4)
